1627900668329,497,GoogleSearch,301,Moved Permanently,GoogleTG 1-1,text,true,,955,0,1,1,https://google.com/search?q=James,497,0,0
1627900668834,97,GoogleSearch,301,Moved Permanently,GoogleTG 1-1,text,true,,963,0,1,1,https://google.com/search?q=Josephine,97,0,0
1627900668932,85,GoogleSearch,301,Moved Permanently,GoogleTG 1-1,text,true,,951,0,1,1,https://google.com/search?q=Art,85,0,0
1627900669018,84,GoogleSearch,301,Moved Permanently,GoogleTG 1-1,text,true,,955,0,1,1,https://google.com/search?q=Lenna,84,0,0
1627900669102,93,GoogleSearch,301,Moved Permanently,GoogleTG 1-1,text,true,,959,0,1,1,https://google.com/search?q=Donette,93,0,0
1627900669195,84,GoogleSearch,301,Moved Permanently,GoogleTG 1-1,text,true,,957,0,1,1,https://google.com/search?q=Simona,84,0,0
1627900669279,363,GoogleSearch,301,Moved Permanently,GoogleTG 1-1,text,true,,957,0,1,1,https://google.com/search?q=Mitsue,363,0,0
1627900669642,108,GoogleSearch,301,Moved Permanently,GoogleTG 1-1,text,true,,955,0,1,1,https://google.com/search?q=Leota,108,0,0
1627900669751,86,GoogleSearch,301,Moved Permanently,GoogleTG 1-1,text,true,,953,0,1,1,https://google.com/search?q=Sage,86,0,0
1627900669838,92,GoogleSearch,301,Moved Permanently,GoogleTG 1-1,text,true,,953,0,1,1,https://google.com/search?q=Kris,92,0,0
1627900669930,93,GoogleSearch,301,Moved Permanently,GoogleTG 1-1,text,true,,955,0,1,1,https://google.com/search?q=Minna,93,0,0
1627900670024,92,GoogleSearch,301,Moved Permanently,GoogleTG 1-1,text,true,,953,0,1,1,https://google.com/search?q=Abel,92,0,0
1627900670116,86,GoogleSearch,301,Moved Permanently,GoogleTG 1-1,text,true,,955,0,1,1,https://google.com/search?q=Kiley,86,0,0
1627900670203,89,GoogleSearch,301,Moved Permanently,GoogleTG 1-1,text,true,,961,0,1,1,https://google.com/search?q=Graciela,89,0,0
1627900670293,92,GoogleSearch,301,Moved Permanently,GoogleTG 1-1,text,true,,955,0,1,1,https://google.com/search?q=Cammy,92,0,0
1627900670386,88,GoogleSearch,301,Moved Permanently,GoogleTG 1-1,text,true,,957,0,1,1,https://google.com/search?q=Mattie,88,0,0
1627900670474,111,GoogleSearch,301,Moved Permanently,GoogleTG 1-1,text,true,,959,0,1,1,https://google.com/search?q=Meaghan,111,0,0
1627900670586,83,GoogleSearch,301,Moved Permanently,GoogleTG 1-1,text,true,,957,0,1,1,https://google.com/search?q=Gladys,83,0,0
1627900670669,88,GoogleSearch,301,Moved Permanently,GoogleTG 1-1,text,true,,953,0,1,1,https://google.com/search?q=Yuki,88,0,0
1627900670758,92,GoogleSearch,301,Moved Permanently,GoogleTG 1-1,text,true,,959,0,1,1,https://google.com/search?q=Fletche,92,0,0
1635972902274,1071,GoogleSearch,301,Moved Permanently,GoogleTG 1-1,text,true,,928,0,1,1,https://google.com/search?q=James,1071,0,0
1635972903374,428,GoogleSearch,301,Moved Permanently,GoogleTG 1-1,text,true,,936,0,1,1,https://google.com/search?q=Josephine,428,0,0
1635972903803,399,GoogleSearch,301,Moved Permanently,GoogleTG 1-1,text,true,,924,0,1,1,https://google.com/search?q=Art,399,0,0
1635972904203,373,GoogleSearch,301,Moved Permanently,GoogleTG 1-1,text,true,,928,0,1,1,https://google.com/search?q=Lenna,373,0,0
1635972904577,209,GoogleSearch,301,Moved Permanently,GoogleTG 1-1,text,true,,932,0,1,1,https://google.com/search?q=Donette,209,0,0
1635972904787,174,GoogleSearch,301,Moved Permanently,GoogleTG 1-1,text,true,,930,0,1,1,https://google.com/search?q=Simona,174,0,0
1635972904962,211,GoogleSearch,301,Moved Permanently,GoogleTG 1-1,text,true,,930,0,1,1,https://google.com/search?q=Mitsue,211,0,0
1635972905174,219,GoogleSearch,301,Moved Permanently,GoogleTG 1-1,text,true,,928,0,1,1,https://google.com/search?q=Leota,219,0,0
1635972905394,196,GoogleSearch,301,Moved Permanently,GoogleTG 1-1,text,true,,926,0,1,1,https://google.com/search?q=Sage,195,0,0
1635972905590,344,GoogleSearch,301,Moved Permanently,GoogleTG 1-1,text,true,,926,0,1,1,https://google.com/search?q=Kris,344,0,0
1635972905935,194,GoogleSearch,301,Moved Permanently,GoogleTG 1-1,text,true,,928,0,1,1,https://google.com/search?q=Minna,194,0,0
1635972906130,212,GoogleSearch,301,Moved Permanently,GoogleTG 1-1,text,true,,926,0,1,1,https://google.com/search?q=Abel,212,0,0
1635972906343,293,GoogleSearch,301,Moved Permanently,GoogleTG 1-1,text,true,,928,0,1,1,https://google.com/search?q=Kiley,293,0,0
1635972906637,255,GoogleSearch,301,Moved Permanently,GoogleTG 1-1,text,true,,934,0,1,1,https://google.com/search?q=Graciela,255,0,0
1635972906893,330,GoogleSearch,301,Moved Permanently,GoogleTG 1-1,text,true,,928,0,1,1,https://google.com/search?q=Cammy,330,0,0
1635972907223,349,GoogleSearch,301,Moved Permanently,GoogleTG 1-1,text,true,,930,0,1,1,https://google.com/search?q=Mattie,349,0,0
1635972907573,343,GoogleSearch,301,Moved Permanently,GoogleTG 1-1,text,true,,932,0,1,1,https://google.com/search?q=Meaghan,343,0,0
1635972907917,195,GoogleSearch,301,Moved Permanently,GoogleTG 1-1,text,true,,930,0,1,1,https://google.com/search?q=Gladys,195,0,0
1635972908113,297,GoogleSearch,301,Moved Permanently,GoogleTG 1-1,text,true,,926,0,1,1,https://google.com/search?q=Yuki,297,0,0
1635972908411,282,GoogleSearch,301,Moved Permanently,GoogleTG 1-1,text,true,,932,0,1,1,https://google.com/search?q=Fletche,282,0,0
